Popularity,Latitude,Longitude,Applicant
7,37.7748713162388,-122.398531708276,F & C Catering
7,37.7444982132112,-122.396955405842,Quan Catering
4,37.7651064631908,-122.38967948729,"John's Catering #5"
6,37.7593037663834,-122.395902231236,"Natan's Catering"
2,37.7652159489938,-122.406006972029,Munch A Bunch
2,37.7484893849775,-122.415562670854,"Mario's Colombian and Mexican Food"
10,37.7488013777145,-122.400552458785,"Park's Catering"
3,37.7254980479505,-122.388369150442,Liang Bai Ping
3,37.7678524427181,-122.416104892532,"Pipo's Grill"
4,37.7687652509586,-122.416902205953,"John's Catering #5"
0,37.7755890799594,-122.39797690638,"Off the Grid Services, LLC"
10,37.7392165862623,-122.400864373304,Bach Catering
4,37.7479309361129,-122.415193153909,Anas Goodies Catering
4,37.7618523975041,-122.38993209325,Anas Goodies Catering
0,37.7201747226493,-122.389407114342,Singh Brothers Ice Cream
0,37.7812646860228,-122.393229041538,"Off the Grid Services, LLC"
3,37.726470716246,-122.381541219158,Liang Bai Ping
0,37.7909215072692,-122.400100423738,Roadside Rotisserie Corporation / Country Grill
5,37.7780755347517,-122.407711134267,Sun Rise Catering
3,37.7241728927613,-122.389735429011,Liang Bai Ping
3,37.7244132432963,-122.390157239611,Liang Bai Ping
4,37.7508496068125,-122.390027615501,Anas Goodies Catering
6,37.7934414335598,-122.443891213784,D & T Catering
2,37.7885275753132,-122.418313685721,Munch A Bunch
10,37.7475862762565,-122.398865700796,"Park's Catering"
5,37.775950411261,-122.409294222069,Sun Rise Catering
6,37.8037902440403,-122.424145174983,D & T Catering
3,37.7550675419403,-122.41802613269,"Julie's Hot Dogs"
3,37.710933792981,-122.40278453801,Golden Catering
7,37.7438311721327,-122.377797368962,Quan Catering
4,37.7768763887765,-122.400259575202,"Eva's Catering"
4,37.7634629599066,-122.394012947377,Anas Goodies Catering
0,37.7267279782571,-122.388658428832,Singh Brothers Ice Cream
1,37.7941166557094,-122.40242362612,"Wexler, LLC"
0,37.7189398190959,-122.390517872066,Singh Brothers Ice Cream
0,37.7974551567824,-122.399011222821,Bacon Bacon
10,37.7441784473757,-122.386715929759,"Park's Catering"
2,37.767126464778,-122.421782736139,La Falafel
3,37.787157744174,-122.395447605152,Paradise Catering
4,37.8050495090589,-122.41433443694,Anas Goodies Catering
0,37.7898898782098,-122.399930411351,Taza Halal Cart
4,37.7689035205665,-122.415981174601,Anas Goodies Catering
1,37.7901490737255,-122.398658184604,Lobsta Truck
5,37.7242977785276,-122.459377309548,"San Pancho's Tacos"
4,37.7706833950426,-122.420879561399,Anas Goodies Catering
4,37.7895693138966,-122.395129390521,"John's Catering #5"
6,37.7949290950499,-122.443832982483,D & T Catering
6,37.793186123336,-122.445889418675,D & T Catering
3,37.7298054805741,-122.399247104724,Tacos El Primo
0,37.7909470419234,-122.398633589404,"Halal Cart, LLC"
4,37.7512694058781,-122.389894366944,Anas Goodies Catering
0,37.792609401119,-122.401314905451,Cheese Gone Wild
0,37.7334388116408,-122.380467549518,Singh Brothers Ice Cream
2,37.7638640323832,-122.458391749844,Munch A Bunch
3,37.7261456924729,-122.388227740903,Liang Bai Ping
0,37.7806943774082,-122.409668813219,"Rita's Catering"
2,37.7424951959228,-122.391617595098,Tacos Santana
7,37.7638640323832,-122.458391749844,DO UC US Mobile Catering
10,37.7325564744198,-122.40585465611,Bach Catering
3,37.7267257938118,-122.389249858027,Liang Bai Ping
3,37.7270146636245,-122.387497359022,Liang Bai Ping
2,37.7659084792055,-122.390143076585,Mora Taco Truck
4,37.7875875047281,-122.390471540332,"John's Catering #5"
4,37.7789185898934,-122.446748796815,"John's Catering #5"
4,37.7922616341775,-122.403485955391,"John's Catering #5"
0,37.716991290324,-122.38959908417,Singh Brothers Ice Cream
4,37.7642023783019,-122.39428524234,Anas Goodies Catering
6,37.7896668269621,-122.451627836117,D & T Catering
3,37.7116322811949,-122.390016333636,Golden Catering
7,37.7093754640014,-122.404154378509,Quan Catering
7,37.7542517088937,-122.38938122888,F & C Catering
3,37.7879142297241,-122.405270523095,"San Francisco Carts & Concessions, Inc. DBA Stanley's Steamers Hot Dogs"
6,37.7393786694373,-122.386337945153,Mini Mobile Food Catering
6,37.764741322675,-122.387124812179,"Natan's Catering"
0,37.7393571608675,-122.391522811759,Singh Brothers Ice Cream
4,37.7239799038929,-122.395903454913,Anas Goodies Catering
7,37.7519716288769,-122.387965483801,Quan Catering
10,37.7464697881148,-122.391515238772,"Park's Catering"
4,37.7214508397335,-122.389353445076,Anas Goodies Catering
6,37.7964799968164,-122.442530024725,D & T Catering
1,37.7755101380495,-122.390999306002,Got Snacks
6,37.7524049924783,-122.387000196298,"Natan's Catering"
10,37.7321349519222,-122.375398078567,"Park's Catering"
6,37.7583033956425,-122.393514054817,"Natan's Catering"
6,37.7720086564688,-122.399083845473,Mini Mobile Food Catering
1,37.7236612795053,-122.43594382524,Fruteria Serrano
6,37.7879000978181,-122.394594036205,Mini Mobile Food Catering
0,37.7929489528347,-122.398098613167,The Whole Cart
2,37.7543023858576,-122.419000119489,"Sinthya's Hot Dogs"
4,37.7636598013494,-122.389133857405,Anas Goodies Catering
3,37.7889101495704,-122.407196034122,"San Francisco Carts & Concessions, Inc. DBA Stanley's Steamers Hot Dogs"
6,37.7653706693171,-122.403907848212,"Natan's Catering"
0,37.78737884181,-122.396874967163,Cheese Gone Wild
2,37.7457492406203,-122.392481487678,Tacos Esmeralda
0,37.7763271477899,-122.391796821077,"Off the Grid Services, LLC"
4,37.7716538513679,-122.411809068524,Anas Goodies Catering
5,37.7792067880556,-122.409199456423,Sun Rise Catering
6,37.7931766386244,-122.446061864659,D & T Catering
10,37.7457292216884,-122.387797650837,"Park's Catering"
2,37.7784935971852,-122.422954747396,Munch A Bunch
4,37.7813800275549,-122.423143845506,Anas Goodies Catering
4,37.7851109204478,-122.407422668277,"The New York Frankfurter Co. of CA, Inc. DBA: Annie's Hot Dogs"
6,37.7873224193199,-122.392223706383,Mini Mobile Food Catering
3,37.7298054805741,-122.399247104724,A Taste of Chicago
0,37.7934465278161,-122.400343675592,Breaking Bread Inc.
6,37.7920290580811,-122.446576890144,D & T Catering
2,37.7673476707041,-122.420476639081,Munch A Bunch
4,37.7520745862084,-122.390144900822,Anas Goodies Catering
0,37.7898898782098,-122.399930411351,Gour Chaat
3,37.7269507643782,-122.387979956262,Liang Bai Ping
10,37.7275936019207,-122.400117226063,Bach Catering
1,37.7790511115731,-122.398303881334,"Linda's Catering"
4,37.7766269199223,-122.399555503787,"John's Catering #5"
3,37.7259455580465,-122.382281153253,Liang Bai Ping
0,37.7846933678258,-122.40813248678,Afghani Rice
4,37.7533608294551,-122.393045920798,Anas Goodies Catering
10,37.7309061503597,-122.373302577485,"Park's Catering"
0,37.782143532929,-122.430449785949,Bob Johnson
10,37.7417606496655,-122.389097970195,"Park's Catering"
1,37.8017914435056,-122.402308963297,Smokin Warehouse Barbecue
3,37.7844204919929,-122.394380639101,Paradise Catering
0,37.7905483181832,-122.400333673679,The Creme Brulee Cart
6,37.7679955456856,-122.387549426547,"Natan's Catering"
3,37.7266647697066,-122.384144224606,Liang Bai Ping
2,37.7891192076677,-122.395881039335,JapaCurry
0,37.7104516918675,-122.396149078996,Singh Brothers Ice Cream
6,37.7674662871448,-122.390860289431,"Natan's Catering"
4,37.7724967778067,-122.414209845167,"John's Catering #5"
1,37.7925359884311,-122.394593199235,Tres Agaves Mexican Kitchen & Tequila Lounge LLC. dba Tres Truck
5,37.7868183030362,-122.395660566066,Sun Rise Catering
7,37.7531087498713,-122.388170202066,F & C Catering
0,37.7849798870735,-122.396536309753,Celtic Catering
0,37.763292918729,-122.41074477293,"Del Popolo, LLC."
0,37.7938715071506,-122.394865238621,"Halal Cart, LLC"
6,37.7707029760975,-122.390790355566,"Natan's Catering"
10,37.7447521916164,-122.385679248721,"Park's Catering"
10,37.7410262077887,-122.387792927994,"Park's Catering"
3,37.7251817007288,-122.388192688444,Liang Bai Ping
0,37.7901633841957,-122.39754345993,Missing Link SF
2,37.7784418992113,-122.405086420952,"Sinthya's Hot Dogs"
0,37.7923898619832,-122.401269695236,Celtic Catering
6,37.749458329027,-122.385081339678,"Natan's Catering"
5,37.7710219992437,-122.403546254184,Sun Rise Catering
4,37.7835091222127,-122.4900712081,"Eva's Catering"
0,37.7982529941715,-122.399171569524,Cheese Gone Wild
4,37.7860625210972,-122.392176463949,"John's Catering #5"
0,37.7992601135023,-122.399617948655,"Off the Grid Services, LLC"
6,37.7428202346759,-122.382847355518,"Natan's Catering"
1,37.7777552165686,-122.394807823179,"Linda's Catering"
6,37.7484453388377,-122.38687903198,"Natan's Catering"
0,37.7856100863691,-122.408154764345,Senor Sisig
7,37.7287879577264,-122.392294820702,Quan Catering
1,37.778384300969,-122.438782388567,"Linda's Catering"
10,37.723728538541,-122.390326357762,Bach Catering
2,37.7708182299993,-122.414007297597,Munch A Bunch
4,37.7808315769119,-122.419942864682,"John's Catering #5"
6,37.7533400011811,-122.384128384237,"Natan's Catering"
2,37.7918342630555,-122.401279616596,Plaza Garibaldy
4,37.7580373934881,-122.391671890682,Anas Goodies Catering
3,37.7872426025967,-122.406879738213,"San Francisco Carts & Concessions, Inc. DBA Stanley's Steamers Hot Dogs"
6,37.7901855706334,-122.395471725809,Mini Mobile Food Catering
4,37.7579170566901,-122.39547585249,Anas Goodies Catering
3,37.7226292175983,-122.390061846327,"Eva's Catering"
3,37.7270866339514,-122.381074448749,Liang Bai Ping
2,37.7923898619832,-122.401269695236,JapaCurry
4,37.7760987531573,-122.400287239868,"Eva's Catering"
4,37.7569236537341,-122.393549610536,Anas Goodies Catering
4,37.7477720916075,-122.397031718978,"Eva's Catering"
10,37.7377268665958,-122.376572914573,"Park's Catering"
0,37.792363514411,-122.396434007976,"The Sandwich Stand, LLC."
0,37.7606817687521,-122.435257895808,Teresa Hotdogs
0,37.7931486269835,-122.402567175578,"Halal Cart, LLC"
4,37.7758255197583,-122.417249626643,Anas Goodies Catering
4,37.7808684365681,-122.425467726618,"John's Catering #5"
0,37.7943310032468,-122.395811053023,Ziaurehman Amini
0,37.7267082729622,-122.3836249172,Singh Brothers Ice Cream
2,37.744889286143,-122.390971976935,Tacos Esmeralda
4,37.7504641155225,-122.387908325902,Anas Goodies Catering
0,37.7108412835853,-122.399642614963,Singh Brothers Ice Cream
7,37.767797843619,-122.412096318861,Quan Catering
1,37.7669767564703,-122.403123093929,"Mr. Nice, LLC"
10,37.7430142496315,-122.384460244935,"Park's Catering"
2,37.7677340926708,-122.410152601942,Munch A Bunch
0,37.7277444907011,-122.382107375242,Singh Brothers Ice Cream
10,37.7516910357229,-122.394374213263,"Park's Catering"
6,37.7685570713121,-122.409610236298,Mini Mobile Food Catering
0,37.7849902793065,-122.405676629072,Creme Brulee To Go
1,37.7781481274607,-122.394440688559,"Linda's Catering"
0,37.7878896999061,-122.400535326777,The Chai Cart
4,37.7891192076677,-122.395881039335,"John's Catering #5"
0,37.7851109204478,-122.407422668277,Creme Brulee To Go
2,37.7758255197583,-122.417249626643,Senor Sisig
0,37.7961233802521,-122.397273204338,"Peruchi Food Truck,LLC"
6,37.7723639147673,-122.397040970363,Mini Mobile Food Catering
4,37.7818671175741,-122.429885247603,Anas Goodies Catering
10,37.7271654734939,-122.401093930725,Bach Catering
0,37.7992601135023,-122.399617948655,"Off the Grid Services, LLC"
6,37.7447521916164,-122.385679248721,"Natan's Catering"
0,37.788440109524,-122.405607286668,The Whole Cart
1,37.7932622069231,-122.401789091363,Scotch Bonnet
7,37.7782665766946,-122.398835922445,Quan Catering
1,37.7831711043434,-122.392901049479,"Linda's Catering"
0,37.7908384194517,-122.401160370299,Curry Up Now
4,37.7484453388377,-122.38687903198,Anas Goodies Catering
5,37.7770972708968,-122.415102651361,Sun Rise Catering
2,37.7302216813049,-122.402978526686,Tacos Santana
7,37.7492558595291,-122.390975379577,Quan Catering
0,37.789811597719,-122.401342389334,Taza Halal Cart
1,37.7740770135744,-122.392327588686,Reveille Coffee
4,37.7438311721327,-122.377797368962,Anas Goodies Catering
3,37.7257891398124,-122.378972719624,Liang Bai Ping
0,37.7303742378628,-122.381861878657,Singh Brothers Ice Cream
6,37.7701375805015,-122.415983402804,Mini Mobile Food Catering
3,37.7267339112416,-122.378972005236,Liang Bai Ping
4,37.7570155244597,-122.394062947116,Anas Goodies Catering
2,37.7392448256155,-122.399352876437,Loma Linda
4,37.7502368847791,-122.397818031719,Anas Goodies Catering
6,37.7936813457741,-122.442002100568,D & T Catering
3,37.7271104333828,-122.388261288144,Liang Bai Ping
4,37.7516084135789,-122.390309489501,Anas Goodies Catering
6,37.7331423951426,-122.414568632419,"Natan's Catering"
5,37.790735810536,-122.40196900168,Sun Rise Catering
6,37.7736941524749,-122.409658441356,Mini Mobile Food Catering
0,37.7891192076677,-122.395881039335,Cheese Gone Wild
2,37.7862510074437,-122.399520766943,Plaza Garibaldy
3,37.7232598663241,-122.391172885969,Liang Bai Ping
3,37.7230565093389,-122.391111940642,Liang Bai Ping
4,37.7615022039664,-122.389276996081,Anas Goodies Catering
6,37.7507607694601,-122.401540291357,"Natan's Catering"
10,37.7287554795043,-122.394408901501,Bach Catering
3,37.7871762917416,-122.407398075958,"San Francisco Carts & Concessions, Inc. DBA Stanley's Steamers Hot Dogs"
7,37.7708922310318,-122.389169231483,DO UC US Mobile Catering
3,37.7238788408325,-122.387010878785,Liang Bai Ping
5,37.790485146128,-122.40094044069,Sun Rise Catering
4,37.7521241631187,-122.475872322222,"Eva's Catering"
5,37.7756237711242,-122.411781357745,Sun Rise Catering
3,37.7350052991284,-122.415417409745,Golden Catering
6,37.792385444513,-122.443991509437,D & T Catering
6,37.7489503634271,-122.401493189708,Mini Mobile Food Catering
2,37.7123026047444,-122.431644190373,Giant Burrito
4,37.7640520899242,-122.390144393988,Anas Goodies Catering
6,37.7955856498634,-122.441718244288,D & T Catering
2,37.7409947350024,-122.401172335386,Tacos Rodriguez
6,37.7531551067155,-122.391174184456,"Natan's Catering"
1,37.7715637663341,-122.418801505439,Smokin Warehouse Barbecue
3,37.7253194336755,-122.381389209427,Liang Bai Ping
10,37.7263829321822,-122.378434782668,"Park's Catering"
10,37.7445911950917,-122.393076880858,"Park's Catering"
0,37.7932137316634,-122.397043036718,Gour Chaat
6,37.7674330173312,-122.392149114172,"Natan's Catering"
3,37.726125239645,-122.383199327239,Liang Bai Ping
5,37.7101930199757,-122.455221906126,"San Pancho's Tacos"
2,37.7763814259936,-122.406934051626,Munch A Bunch
4,37.7739150656798,-122.420026291504,"John's Catering #5"
10,37.7476160722331,-122.401976975724,"Park's Catering"
6,37.7631563932265,-122.420322231526,"Natan's Catering"
7,37.7441784473757,-122.386715929759,Quan Catering
0,37.7875140607381,-122.399566331429,Senor Sisig
0,37.7251817007288,-122.388192688444,Singh Brothers Ice Cream
3,37.789691367587,-122.396595637084,Liang Bai Ping
0,37.7969137124835,-122.396650675264,Curry Up Now
3,37.744889286143,-122.390971976935,Tacos El Primo
0,37.7957009053169,-122.398489753587,Bacon Bacon
0,37.7974551567824,-122.399011222821,"Del Popolo, LLC."
10,37.7467555544775,-122.400906270359,"Park's Catering"
4,37.7494429376004,-122.387985532504,Anas Goodies Catering
0,37.7898898782098,-122.399930411351,Afghani Rice
7,37.7483758257779,-122.403200626496,DO UC US Mobile Catering
6,37.7571245603861,-122.388529515257,"Natan's Catering"
5,37.7645273058937,-122.413628336663,Sun Rise Catering
3,37.7732879404704,-122.440032316635,Liang Bai Ping
1,37.7870415558717,-122.400427155584,Sausage Slinger
3,37.7881452832928,-122.391181920263,Liang Bai Ping
6,37.7300036831892,-122.478186325415,"Natan's Catering"
6,37.7783886157866,-122.403191783229,"Natan's Catering"
6,37.7488480565663,-122.412618994655,"Natan's Catering"
1,37.7901490737255,-122.398658184604,Scotch Bonnet
5,37.7756064329553,-122.40720707415,Sun Rise Catering
6,37.7381177715919,-122.404418467212,"Natan's Catering"
6,37.7445911950917,-122.393076880858,"Natan's Catering"
7,37.7698977488961,-122.391098279635,DO UC US Mobile Catering
7,37.786319798284,-122.398235074249,Quan Catering
3,37.7262494817986,-122.387815368014,Liang Bai Ping
3,37.7259304950399,-122.389215559421,Tacos El Primo
2,37.7651475103788,-122.407140493701,Mora Taco Truck
4,37.7807240977697,-122.401235392658,Anas Goodies Catering
7,37.7698289337018,-122.400101143043,F & C Catering
6,37.7454064294164,-122.390081224847,"Natan's Catering"
3,37.7678524427181,-122.416104892532,Tacos El Primo
10,37.7937828768391,-122.401001311993,Bach Catering
4,37.788864715343,-122.399359351363,"John's Catering #5"
6,37.7550307267667,-122.384530734223,"Natan's Catering"
10,37.7260861706723,-122.398332406177,Bach Catering
5,37.7776555423955,-122.410401545178,Sun Rise Catering
4,37.7579841905286,-122.433465780407,"Eva's Catering"
2,37.7327944920286,-122.391768324832,Your Community Foods
5,37.7862510074437,-122.399520766943,Sun Rise Catering
7,37.7555344716039,-122.393925277539,F & C Catering
0,37.7936733815047,-122.398463509486,"Expresso Subito, LLC."
10,37.7429898747753,-122.386773267176,"Park's Catering"
10,37.7383020209625,-122.396036145058,Bach Catering
0,37.7192002177133,-122.395976731096,Singh Brothers Ice Cream
7,37.7533808099749,-122.386367685857,F & C Catering
6,37.771467215901,-122.41287229421,Mini Mobile Food Catering
2,37.7445185826649,-122.398940846628,Tacos Santana
0,37.7765668965195,-122.423395376727,"Let's Be Frank"
7,37.7537174169021,-122.388359021044,F & C Catering
5,37.7750297628802,-122.413686791248,Sun Rise Catering
1,37.7926023367923,-122.40043886495,Bomba
7,37.7522416684803,-122.389188542589,F & C Catering
2,37.790485146128,-122.40094044069,Tacos Rodriguez
4,37.7587861623056,-122.390958398693,Anas Goodies Catering
3,37.7267096753687,-122.385294691187,Liang Bai Ping
7,37.7940531837329,-122.397347693326,Quan Catering
6,37.7682493867935,-122.398430650214,"Natan's Catering"
1,37.7807066695518,-122.397014692415,The Brooklyn Pig Inc.
0,37.7286714428179,-122.381865088641,Singh Brothers Ice Cream
6,37.7870765303843,-122.392982624228,Mini Mobile Food Catering
0,37.7164430021474,-122.389937879321,Singh Brothers Ice Cream
4,37.7272121739004,-122.399636251644,Anas Goodies Catering
0,37.7257407538536,-122.449867611066,Kiss Point
4,37.7635404839296,-122.390096643663,Anas Goodies Catering
7,37.7502368847791,-122.397818031719,Quan Catering
2,37.7674566391069,-122.421788343116,La Falafel
6,37.7899082332987,-122.456762533982,D & T Catering
6,37.788583655156,-122.456059894366,D & T Catering
1,37.7914265413321,-122.401037856688,Scotch Bonnet
3,37.7265904795194,-122.381752211406,Liang Bai Ping
1,37.7894866961278,-122.402467438004,Scotch Bonnet
5,37.760866951347,-122.407429830891,Sun Rise Catering
0,37.7617489380071,-122.435401104403,Teresa Hotdogs
3,37.7272340074959,-122.38181551187,Liang Bai Ping
0,37.7632279025439,-122.419795019128,Raspados El Yocateco
0,37.7227936887593,-122.391719666472,Singh Brothers Ice Cream
0,37.7763271477899,-122.391796821077,"Off the Grid Services, LLC"
3,37.7267279782571,-122.388658428832,Liang Bai Ping
1,37.7525274778762,-122.409872355397,"Benny's"
5,37.7726358180055,-122.415726650735,Sun Rise Catering
0,37.729438288454,-122.376657800723,Singh Brothers Ice Cream
2,37.7524049924783,-122.387000196298,Tacos El Flaco
0,0,0,Think is Good Inc.
2,0,0,"Santana ESG, Inc."
0,37.7254507021723,-122.391991641418,Singh Brothers Ice Cream
6,37.7685432890242,-122.408492892439,"Natan's Catering"
4,37.7526605204123,-122.475473531781,"Eva's Catering"
10,37.7432246838616,-122.385342973421,"Park's Catering"
3,37.7264851632165,-122.383232458707,Liang Bai Ping
0,37.7823601210175,-122.402095994563,"Off the Grid Services, LLC"
2,37.7417178307439,-122.405417977448,Giant Burrito
4,37.7781283797338,-122.418652129997,"John's Catering #5"
4,37.7235768564887,-122.390059101399,Anas Goodies Catering
0,37.7992601135023,-122.399617948655,Roadside Rotisserie Corporation / Country Grill
4,37.7868561118831,-122.406891892997,"The New York Frankfurter Co. of CA, Inc. DBA: Annie's Hot Dogs"
4,37.7637272136329,-122.40933414879,"John's Catering #5"
0,37.7325595789318,-122.392063194969,Bob Johnson
6,37.7620084580302,-122.385441811568,"Natan's Catering"
1,37.7654969876192,-122.464597619571,"Linda's Catering"
6,37.7644472955619,-122.397987371508,"Natan's Catering"
7,37.780561002676,-122.392849413024,F & C Catering
10,37.7467113030403,-122.392150319453,"Park's Catering"
6,37.7477720916075,-122.397031718978,"Natan's Catering"
2,37.739111429745,-122.382464971136,Tacos Rodriguez
0,37.7932137316634,-122.397043036718,Ziaurehman Amini
1,37.7889322436563,-122.405512652889,Lobsta Truck
6,37.7611829945051,-122.388118704077,"Natan's Catering"
0,37.7762350184712,-122.418435137885,"Del Popolo, LLC."
10,37.743713475368,-122.385964790036,"Park's Catering"
0,37.7628387070954,-122.434351868931,Teresa Hotdogs
5,37.7755336414436,-122.407115289202,Sun Rise Catering
2,37.787973283216,-122.400185049889,JapaCurry
6,37.7933225090245,-122.440119274474,D & T Catering
6,37.7953158932065,-122.4399079176,D & T Catering
4,37.7550307267667,-122.384530734223,Anas Goodies Catering
4,37.7597962717227,-122.409573421624,"John's Catering #5"
0,37.7185220485664,-122.396661444417,Singh Brothers Ice Cream
3,37.7243975297434,-122.391505116383,Liang Bai Ping
2,37.7756306307592,-122.408828372369,"Sinthya's Hot Dogs"
0,37.7862060821039,-122.402532491346,Bombay Blvd.
0,37.727168068782,-122.390029148701,Singh Brothers Ice Cream
0,37.7875984155546,-122.404090439434,French Creme Brulee
4,37.7632990560446,-122.388482306805,Anas Goodies Catering
10,37.7437839233827,-122.40378882961,"Park's Catering"
4,37.723078757516,-122.387525704017,Anas Goodies Catering
10,37.7252957217827,-122.389765731256,Bach Catering
3,37.7881394788716,-122.392579515374,Liang Bai Ping
5,37.7777909291434,-122.411000005343,Sun Rise Catering
3,37.7171741618036,-122.392222474624,Golden Catering
6,37.795051430826,-122.446134422674,D & T Catering
4,37.7679845948645,-122.413953822522,"John's Catering #5"
6,37.7691244121681,-122.391474911246,"Natan's Catering"
7,37.7744491107754,-122.402087236063,Quan Catering
7,37.7429898747753,-122.386773267176,F & C Catering
0,37.7923033830753,-122.423131922094,Cheese Gone Wild
0,37.7204493626594,-122.395915014237,Singh Brothers Ice Cream
6,37.7464705066471,-122.388990808654,"Natan's Catering"
7,37.7377268665958,-122.376572914573,F & C Catering
6,37.740303872806,-122.406059743494,"Natan's Catering"
3,37.7889101495704,-122.407196034122,"San Francisco Carts & Concessions, Inc. DBA Stanley's Steamers Hot Dogs"
0,37.7255769923986,-122.454152837668,BHUK Burger
4,37.7492558595291,-122.390975379577,"Bay Area Mobile Catering, Inc. dba. Taqueria Angelica's"
3,37.7696400322177,-122.386236654199,"Mike's Catering"
3,37.7810746780754,-122.391705661167,"Mike's Catering"
3,37.7987549364009,-122.401798793854,"Mike's Catering"
3,37.7488013777145,-122.400552458785,"Mike's Catering"
3,37.7550307267667,-122.384530734223,"Mike's Catering"
3,37.7536799789675,-122.390414532294,"Mike's Catering"
3,37.7508496068125,-122.390027615501,"Mike's Catering"
3,37.7500488259704,-122.399672059709,"Mike's Catering"
3,37.7721522432444,-122.387742984116,"Mike's Catering"
3,37.7536998999438,-122.390068346908,"Mike's Catering"
3,37.7900747773418,-122.391392669926,Curbside Coffee
3,37.7550307267667,-122.384530734223,BH & MT LLC
3,37.7975789880604,-122.411439886089,"Mike's Catering"
0,37.7691244121681,-122.391474911246,SF Cart Project
0,37.7798363328837,-122.390629949741,"Kara's Cupcakes"
0,37.7939490523224,-122.398061963646,"Kara's Cupcakes"
0,37.7888607015573,-122.398109238807,"Kara's Cupcakes"
0,37.7891192076677,-122.395881039335,"Kara's Cupcakes"
2,37.7678552693543,-122.422484404162,"Alfaro's Truck"
6,37.7678824549751,-122.406310586005,"Steve's Mobile Deli"
6,37.779750838619,-122.397032985161,"Steve's Mobile Deli"
6,37.7743789308184,-122.399574742126,"Steve's Mobile Deli"
6,37.7867446133897,-122.397471456326,"Steve's Mobile Deli"
0,37.77425926306,-122.419485988398,Athena SF Gyro
0,37.792363514411,-122.396434007976,Athena SF Gyro
6,37.7841316511211,-122.39591339799,"Steve's Mobile Deli"
6,37.7800057026855,-122.390270961311,"Steve's Mobile Deli"
6,37.7802918205913,-122.406857977965,"Steve's Mobile Deli"
6,37.7808194869995,-122.400050152139,"Steve's Mobile Deli"
6,37.7820490943809,-122.399576873623,"Steve's Mobile Deli"
6,37.7878141077683,-122.396322298302,"Steve's Mobile Deli"
6,37.7941916764752,-122.393853704254,"Steve's Mobile Deli"
6,37.7860914634251,-122.3934729318,"Steve's Mobile Deli"
0,37.7710219992437,-122.403546254184,Athena SF Gyro
6,37.7913707416848,-122.390312812107,"Steve's Mobile Deli"
6,37.7685432890242,-122.408492892439,"Steve's Mobile Deli"
3,37.7683202495106,-122.427110643955,BH & MT LLC
3,37.7644595214424,-122.425161376358,BH & MT LLC
3,37.7839220701115,-122.446721633172,BH & MT LLC
3,37.7752901423195,-122.440731162111,BH & MT LLC
3,37.7666247727157,-122.429511176347,BH & MT LLC
3,37.7757743684103,-122.437331607841,BH & MT LLC
0,37.7938715071506,-122.394865238621,BSM - TEST1
0,37.7792227593144,-122.413409061242,BSM - TEST1
0,37.7453089086563,-122.403420059999,Reecees Soulicious
0,37.7350042289514,-122.3901724697,Reecees Soulicious
2,37.7969137124835,-122.396650675264,"Covered Dish Productions, LLC. dba. The Rib Whip"
0,37.7802154802881,-122.416025770151,Hiyaaa
0,37.7923667868831,-122.400148306767,Hiyaaa
6,37.7733408773453,-122.422806203983,M M Catering
6,37.7865580501799,-122.40103337535,M M Catering
0,37.7816889753451,-122.391061817287,Think is Good Inc.
0,37.7892489084137,-122.398892959346,Think is Good Inc.
0,37.793304275561,-122.401458998413,Munch India
2,37.788864715343,-122.399359351363,Lobsta Truck
6,37.7638066535277,-122.412610953897,M M Catering
6,37.7853456766418,-122.399455276698,M M Catering
6,37.7933707169278,-122.394233280448,M M Catering
2,37.7926407167337,-122.398970332111,Lobsta Truck
6,37.7569070856214,-122.390525368135,M M Catering
6,37.7530403201943,-122.386631763538,M M Catering
6,37.7938715071506,-122.394865238621,M M Catering
6,37.7665109269083,-122.40926014493,M M Catering
2,37.7932622069231,-122.401789091363,Lobsta Truck
6,37.7516910357229,-122.394374213263,M M Catering
6,37.7547246040128,-122.388456870373,M M Catering
0,37.7875651653788,-122.40959283348,Think is Good Inc.
6,37.7749843060688,-122.40784088806,M M Catering
6,37.7988640669494,-122.400263583781,M M Catering
0,37.792609401119,-122.401314905451,"Casey's Pizza, LLC"
0,37.788778723378,-122.402574568411,"Casey's Pizza, LLC"
0,37.7760487080922,-122.423939211172,"Casey's Pizza, LLC"
0,37.7921505484817,-122.393999974059,"Casey's Pizza, LLC"
0,37.792346385148,-122.402385322794,Sanguchon
0,37.7921505484817,-122.393999974059,Sanguchon
0,37.7871828477154,-122.401234808851,"Casey's Pizza, LLC"
0,37.760086931987,-122.418806481101,"Leo's Hot Dogs"
1,37.7909215072692,-122.400100423738,"Viet Duong Co., Ltd."
2,37.788864715343,-122.399359351363,Faith Sandwich
6,37.7507607694601,-122.401540291357,"Natan's Catering"
6,37.7679955456856,-122.387549426547,"Natan's Catering"
6,37.7691244121681,-122.391474911246,"Natan's Catering"
6,37.7685432890242,-122.408492892439,"Natan's Catering"
6,37.7593037663834,-122.395902231236,"Natan's Catering"
6,37.7631563932265,-122.420322231526,"Natan's Catering"
6,37.7620084580302,-122.385441811568,"Natan's Catering"
6,37.7445911950917,-122.393076880858,"Natan's Catering"
6,37.7300036831892,-122.478186325415,"Natan's Catering"
6,37.7331423951426,-122.414568632419,"Natan's Catering"
6,37.7583033956425,-122.393514054817,"Natan's Catering"
6,37.7707029760975,-122.390790355566,"Natan's Catering"
6,37.7428202346759,-122.382847355518,"Natan's Catering"
6,37.7447521916164,-122.385679248721,"Natan's Catering"
6,37.764741322675,-122.387124812179,"Natan's Catering"
6,37.749458329027,-122.385081339678,"Natan's Catering"
6,37.7550307267667,-122.384530734223,"Natan's Catering"
6,37.740303872806,-122.406059743494,"Natan's Catering"
6,37.7454064294164,-122.390081224847,"Natan's Catering"
6,37.7533400011811,-122.384128384237,"Natan's Catering"
6,37.7653706693171,-122.403907848212,"Natan's Catering"
6,37.7464705066471,-122.388990808654,"Natan's Catering"
6,37.7488480565663,-122.412618994655,"Natan's Catering"
6,37.7381177715919,-122.404418467212,"Natan's Catering"
6,37.7611829945051,-122.388118704077,"Natan's Catering"
6,37.7783886157866,-122.403191783229,"Natan's Catering"
6,37.7674330173312,-122.392149114172,"Natan's Catering"
6,37.7524049924783,-122.387000196298,"Natan's Catering"
6,37.7477720916075,-122.397031718978,"Natan's Catering"
6,37.7531551067155,-122.391174184456,"Natan's Catering"
6,37.7674662871448,-122.390860289431,"Natan's Catering"
6,37.7644472955619,-122.397987371508,"Natan's Catering"
6,37.7571245603861,-122.388529515257,"Natan's Catering"
6,37.7682493867935,-122.398430650214,"Natan's Catering"
6,37.7484453388377,-122.38687903198,"Natan's Catering"
0,37.7871762917416,-122.407398075958,Golden Gate Halal Food
0,37.7864590368571,-122.405545707116,Golden Gate Halal Food
0,37.7839469079742,-122.407158344984,Golden Gate Halal Food
1,37.7539277357265,-122.413323129618,El Gallo Jiro
0,37.76621745068,-122.403952784121,Tres Agaves Mexican Kitchen & Tequila Lounge LLC. dba Tres Truck
0,37.7654597374682,-122.402136376179,Tres Agaves Mexican Kitchen & Tequila Lounge LLC. dba Tres Truck
0,37.7749754998217,-122.409385823194,Subs on Hubs
0,37.7711790005481,-122.406573673429,Subs on Hubs
0,37.7714019465879,-122.391771646847,Subs on Hubs
0,37.7787103919009,-122.40183935033,Subs on Hubs
0,37.7932137316634,-122.397043036718,The Chai Cart
0,37.7904067199405,-122.399275886086,The Chai Cart
0,37.7638580813603,-122.422082620993,The Chai Cart
0,37.792109338609,-122.395803865502,"The Sandwich Stand, LLC."
2,37.7552723597518,-122.419092971602,"Doc's of the Bay"
0,37.7928707497415,-122.400747494077,"The Sandwich Stand, LLC."
2,37.7651759170672,-122.421595922098,"Doc's of the Bay"
2,37.7951588416202,-122.402210795235,"Doc's of the Bay"
0,37.7853956394405,-122.40439104283,Kettle Corn Star
8,37.7711580369615,-122.386931257562,"Two G's Catering"
8,37.7755661544145,-122.393279842341,"Two G's Catering"
0,37.7839469079742,-122.407158344984,Kettle Corn Star
0,37.7884065526533,-122.405413735355,BSM - TEST1
0,0,0,BSM - TEST1
8,37.7292233375937,-122.394613062664,"Two G's Catering"
8,37.7531390379784,-122.390246816981,"Two G's Catering"
8,37.7448024193644,-122.402540218927,"Two G's Catering"
8,37.7718682257671,-122.405657636251,"Two G's Catering"
8,37.7734452149215,-122.400482576546,"Two G's Catering"
8,37.772561689774,-122.404474024011,"Two G's Catering"
8,37.7730940844723,-122.405145856485,"Two G's Catering"
8,37.773610979516,-122.405958407112,"Two G's Catering"
8,37.7581699396153,-122.390900582667,"Two G's Catering"
8,37.7747030474687,-122.39408939657,"Two G's Catering"
0,37.7891192076677,-122.395881039335,"Slider Shack, LLC."
8,37.7679955456856,-122.387549426547,"Two G's Catering"
0,37.7925359884311,-122.394593199235,"Slider Shack, LLC."
8,37.7917770783642,-122.397132524462,"Two G's Catering"
5,37.7680758859527,-122.408289595287,May Catering
5,37.7706453983908,-122.3934769372,May Catering
5,37.7476160722331,-122.401976975724,May Catering
5,37.7240091065402,-122.392986782578,May Catering
5,37.7164430021474,-122.389937879321,May Catering
5,37.7640381828174,-122.413757516589,May Catering
5,37.7592459190261,-122.387917376991,May Catering
5,37.7654338684827,-122.400198205294,May Catering
5,37.7440390986017,-122.425094186331,May Catering
5,37.7489792411554,-122.402409234561,May Catering
5,37.749916469391,-122.401130112212,May Catering
5,37.7658204544832,-122.411968357912,May Catering
5,37.7567172998371,-122.387648962993,May Catering
5,37.7599514294279,-122.414049680224,May Catering
5,37.7638707601661,-122.460600563879,May Catering
5,37.7638112772906,-122.391265350599,May Catering
5,37.7655864681473,-122.393197101166,May Catering
5,37.7434400420051,-122.399932569577,May Catering
5,37.7456366838808,-122.454233188657,May Catering
5,37.7763271477899,-122.391796821077,May Catering
5,37.762476819591,-122.411819003679,May Catering
5,37.7487621514792,-122.414326828755,May Catering
5,37.763690871096,-122.390457386016,May Catering
5,37.7600996654893,-122.412375997322,May Catering
5,37.7495331145231,-122.413116536729,May Catering
2,37.7875984155546,-122.404090439434,Mob Dog
5,37.7650271638822,-122.41550777249,May Catering
5,37.7644523927651,-122.412671891645,May Catering
5,37.7479549645678,-122.395797384916,May Catering
5,37.7598258374358,-122.409202915083,May Catering
5,37.7499452857571,-122.400420884438,May Catering
5,37.7537174169021,-122.388359021044,May Catering
5,37.7194317184807,-122.398139506914,May Catering
5,37.7740748410583,-122.390668458146,May Catering
5,37.7743980109403,-122.415658655811,May Catering
5,37.772039113525,-122.395974631586,May Catering
5,37.7365721824187,-122.378209667202,May Catering
5,37.7544764341075,-122.412855363284,May Catering
5,37.7743376663696,-122.394053286313,May Catering
5,37.7461044517152,-122.400361834965,May Catering
5,37.710837931141,-122.393543363013,May Catering
5,37.7475862762565,-122.398865700796,May Catering
5,37.7908854635019,-122.396685875811,May Catering
5,37.7690871267671,-122.411527667132,May Catering
5,37.7615718487197,-122.409444718958,May Catering
5,37.7628149532289,-122.413211513673,May Catering
5,37.7478431533724,-122.394575214957,May Catering
5,37.717779453627,-122.391654765179,May Catering
5,37.7187880790201,-122.39810598775,May Catering
5,37.7629143116115,-122.408951161538,May Catering
5,37.7525772700714,-122.406806417152,May Catering
5,37.7641601282203,-122.388142262128,May Catering
2,37.7647453507195,-122.41656213947,"Santana ESG, Inc."
2,37.790485146128,-122.40094044069,"Santana ESG, Inc."
5,37.7806472100484,-122.394629181662,Tacos El Ojo De Agua
2,37.7387268039871,-122.406736029905,La Jefa
0,37.77764220851,-122.393418145932,"Kabob Trolley, LLC"
3,37.7631083253767,-122.413454890022,El Tonayense #60
2,37.7888771172666,-122.420091020038,The Huge Hotdog Concession
3,37.7844207368995,-122.418405351782,Mang Hang Catering
3,37.7791572053411,-122.411615430519,Mang Hang Catering
3,37.7546149514892,-122.39038813202,Mang Hang Catering
3,37.7456930261204,-122.390714584821,Mang Hang Catering
3,37.7609571682785,-122.421824199358,Mang Hang Catering
3,37.7765500428191,-122.446307635558,Mang Hang Catering
3,37.7951055609814,-122.400876633726,Mang Hang Catering
3,37.7556370098323,-122.405101930379,Mang Hang Catering
3,37.7447521916164,-122.385679248721,Mang Hang Catering
3,37.7824235632947,-122.393236399398,Mang Hang Catering
3,37.7884570288289,-122.399884160566,Mang Hang Catering
3,37.7898269187633,-122.421126289056,Mang Hang Catering
3,37.7815967457602,-122.43485778844,Mang Hang Catering
3,37.7807231475444,-122.447789640478,Mang Hang Catering
3,37.7683069928,-122.412000336092,Mang Hang Catering
3,37.7100033342894,-122.471411913129,Mang Hang Catering
3,37.7485497942591,-122.416170662008,Mang Hang Catering
0,37.7760390626659,-122.424175571492,"Let's Be Frank"
0,37.7932137316634,-122.397043036718,Maiwand Halal Kabob Truck
0,37.793392977019,-122.402313503682,Maiwand Halal Kabob Truck
3,37.7469482955131,-122.403390960313,"Eli's Hot Dogs"
2,37.7865580501799,-122.40103337535,Spice Affairs
2,37.7899138671344,-122.405232892524,Spice Affairs
1,37.7828341636984,-122.408837940446,Yummy Hot Dogs
1,37.7831754207336,-122.409568315547,Yummy Hot Dogs
0,37.7884570288289,-122.399884160566,El Calamar Perubian Food Truck
3,0,0,Betty McGee Creole
1,0,0,Bomba
2,37.7509316476402,-122.411419966206,"Bay Area Mobile Catering, Inc. dba. Taqueria Angelica's"
8,0,0,"Two G's Catering"
10,0,0,Bach Catering
6,0,0,Mini Mobile Food Catering
8,0,0,"Two G's Catering"
5,0,0,May Catering
7,0,0,F & C Catering
3,0,0,"San Francisco Carts & Concessions, Inc. DBA Stanley's Steamers Hot Dogs"
3,0,0,"Mike's Catering"
8,0,0,"Two G's Catering"
5,0,0,"San Pancho's Tacos"
7,0,0,Quan Catering
10,0,0,"Park's Catering"
6,0,0,"Natan's Catering"
7,0,0,Quan Catering
3,0,0,"Mike's Catering"
6,0,0,D & T Catering
6,0,0,"Natan's Catering"
2,0,0,Spice Affairs
5,0,0,May Catering
3,0,0,Liang Bai Ping
0,0,0,"Off the Grid Services, LLC"
2,0,0,El Tonayanse #4 / #36
0,0,0,SAS Group LLC
3,0,0,Mang Hang Catering
5,0,0,May Catering
5,0,0,May Catering
5,0,0,May Catering
0,0,0,Sanguchon
3,0,0,Paradise Catering
5,0,0,Sun Rise Catering
7,0,0,F & C Catering
3,0,0,El Tonayense #60
3,0,0,Mang Hang Catering
5,0,0,May Catering
6,0,0,"Steve's Mobile Deli"
6,0,0,"Steve's Mobile Deli"
0,0,0,Bombay Blvd.
6,0,0,Mini Mobile Food Catering
4,0,0,"John's Catering #5"
3,0,0,Golden Catering
6,0,0,Mini Mobile Food Catering
6,0,0,"Natan's Catering"
3,0,0,Liang Bai Ping
3,0,0,BH & MT LLC
6,0,0,"Natan's Catering"
2,0,0,Munch A Bunch
2,0,0,Munch A Bunch
0,37.7678334279142,-122.401225236458,Ruru Soul
0,37.7922616341775,-122.403485955391,Roadside Rotisserie Corporation / Country Grill
0,37.7934465278161,-122.400343675592,Roadside Rotisserie Corporation / Country Grill
0,37.7905483181832,-122.400333673679,Taza Halal Cart
2,0,0,"Covered Dish Productions, LLC. dba. The Rib Whip"
2,37.7915578641549,-122.391671499786,"Covered Dish Productions, LLC. dba. The Rib Whip"
0,37.7879000978181,-122.394594036205,BSM - TEST1
0,37.7713187056498,-122.442307240009,BSM - TEST1
0,37.7762924615221,-122.416245279093,BSM - TEST1
0,37.7710652550966,-122.442387391648,BSM - TEST1
0,0,0,BSM - TEST1
0,0,0,BSM - TEST1
0,37.7711298628186,-122.443517164645,BSM - TEST1
2,0,0,Senor Sisig
0,37.7917572059444,-122.398897636892,"Halal Cart, LLC"
0,37.7898898782098,-122.399930411351,"Halal Cart, LLC"
0,0,0,Chilifruit
0,37.7898898782098,-122.399930411351,Halal Cart of San Francisco
0,37.7931486269835,-122.402567175578,Halal Cart of San Francisco
3,37.7584372443741,-122.418678308229,"Julie's Hot Dogs"
0,37.7917572059444,-122.398897636892,Halal Cart of San Francisco
0,37.7938715071506,-122.394865238621,Halal Cart of San Francisco
0,37.7834700660829,-122.408040736138,"Halal Cart, LLC"
2,37.792346385148,-122.402385322794,Plaza Garibaldy
0,37.7772235984329,-122.417361361253,HALAL SF GYRO
2,37.7961233802521,-122.397273204338,"Covered Dish Productions, LLC. dba. The Rib Whip"
2,37.8002209155922,-122.399569018577,"Covered Dish Productions, LLC. dba. The Rib Whip"
0,37.7767362127501,-122.416394930077,HALAL SF GYRO
7,37.786904919457,-122.390920262962,Quan Catering
1,37.7862367744654,-122.389066205605,"Linda's Catering"
0,37.7935769332618,-122.403229876701,Roadside Rotisserie Corporation / Country Grill
0,37.766124694427,-122.39547306227,Buenafe
5,37.7666898573867,-122.39718232278,May Catering
0,37.7893854510391,-122.409591260467,Philz Coffee Truck
0,37.7962154965941,-122.403754558245,Philz Coffee Truck
4,37.7854697464899,-122.406615761073,"The New York Frankfurter Co. of CA, Inc. DBA: Annie's Hot Dogs"
4,37.7851109204478,-122.407422668277,"The New York Frankfurter Co. of CA, Inc. DBA: Annie's Hot Dogs"
4,37.7868561118831,-122.406891892997,"The New York Frankfurter Co. of CA, Inc. DBA: Annie's Hot Dogs"
0,37.780918000993,-122.392416983133,Roadside Rotisserie Corporation / Country Grill
0,37.788778723378,-122.402574568411,Roadside Rotisserie Corporation / Country Grill
2,37.7715867026703,-122.414007043024,"Bay Area Mobile Catering, Inc. dba. Taqueria Angelica's"
2,37.775228307834,-122.41746613187,"Bay Area Mobile Catering, Inc. dba. Taqueria Angelica's"
0,37.7908854635019,-122.396685875811,Bonito Poke
0,37.7919198692101,-122.400597610671,Bonito Poke
0,37.7918342630555,-122.401279616596,Bonito Poke
2,37.7821536409986,-122.406601106839,Senor Sisig
2,0,0,Senor Sisig
2,37.790304371639,-122.397365063531,Senor Sisig
0,37.7733640531909,-122.437875225303,Los 2 Cuates
0,37.78304609975,-122.39406659923,Los 2 Cuates
2,37.7818534543778,-122.445865033646,Rafael Escobar
3,37.7946438346195,-122.399644298529,"San Francisco Street Foods, Inc."
3,37.8077432884455,-122.42414994487,Stanley Roth
3,37.7943310032468,-122.395811053023,"San Francisco Street Foods, Inc."
3,37.7892332828961,-122.40557905421,"San Francisco Street Foods, Inc."
3,37.7835133512454,-122.400813391105,"San Francisco Street Foods, Inc."
3,37.7893919761027,-122.401824747121,"San Francisco Street Foods, Inc."
2,37.7394454528691,-122.393014986698,Taqueria Lolita
2,37.744889286143,-122.390971976935,Taqueria Lolita
0,37.7871815311957,-122.407939906701,"San Francisco's Hometown Creamery"
0,37.7927957415787,-122.401353280931,Philz Coffee Truck
0,37.8045778690901,-122.433010774343,Philz Coffee Truck
0,37.7922955998187,-122.400706897233,Philz Coffee Truck
0,37.7936733815047,-122.398463509486,"Expresso Subito, LLC."
0,37.7884570288289,-122.399884160566,"Expresso Subito, LLC."